Left-weight,Left-distance,Right-weight,Right-distance,Balance_scale,kiLabelNeighbor,k_i,generalDensities,inverseDensities,dataDistributionFactor
2,4,5,5,2,"[0, 18, 151, 335, 536]",[5],1.6051,0.3605,0.115
1,4,4,4,2,"[1, 17, 236, 385, 423]",[5],1.6051,0.3605,0.115
5,4,2,1,3,[],[0],0.0,1.9052,0.0
2,1,1,5,2,[],[0],0.0,1.7948,0.0
4,4,3,5,3,"[4, 242, 314]",[3],1.3376,0.5001,0.0498
5,2,2,3,3,[221],[1],2.0064,0.2562,0.215
1,2,3,1,2,"[6, 188, 380]",[3],1.3376,0.4711,0.0592
1,1,1,2,2,[],[0],0.0,1.7948,0.0
5,3,3,4,3,[59],[1],2.0064,0.2562,0.215
3,5,5,1,3,[],[0],0.0,1.9052,0.0
4,5,5,1,3,[],[0],0.0,1.9052,0.0
4,2,4,5,2,[],[0],0.0,1.7948,0.0
5,1,2,1,3,[],[0],0.0,1.9052,0.0
2,5,3,5,2,"[13, 309, 376]",[3],1.3376,0.4711,0.0592
1,1,5,5,2,"[14, 92, 333, 409, 492]",[5],1.6051,0.3605,0.115
5,2,2,4,3,[150],[1],2.0064,0.2562,0.215
2,1,1,4,2,[],[0],0.0,1.7948,0.0
1,4,4,5,2,[],[0],0.0,1.7948,0.0
2,3,5,5,2,[],[0],0.0,1.7948,0.0
3,1,5,5,2,"[19, 105, 367, 399, 492]",[5],1.6051,0.3605,0.115
4,5,2,3,3,[],[0],0.0,1.9052,0.0
1,1,5,1,2,[],[0],0.0,1.7948,0.0
4,1,1,5,2,"[22, 418]",[2],1.0032,0.6582,0.0193
5,3,3,2,3,"[23, 125, 286, 381, 441]",[5],1.6051,0.3827,0.1007
2,2,2,4,2,"[24, 62, 205, 394]",[4],1.5048,0.3986,0.0915
3,4,4,4,2,[],[0],0.0,1.7948,0.0
4,2,3,5,2,"[26, 11, 98, 114, 166]",[5],1.6051,0.3605,0.115
1,4,5,1,2,"[27, 449]",[2],1.0032,0.6582,0.0193
4,3,3,4,1,"[53, 166]",[2],2.0064,0.7131,0.4901
3,3,3,1,3,[],[0],0.0,1.9052,0.0
3,2,4,4,2,"[30, 126, 162, 254, 272]",[5],1.6051,0.3605,0.115
2,1,3,3,2,"[31, 63, 227, 270, 349]",[5],1.6051,0.3605,0.115
5,5,3,4,3,[],[0],0.0,1.9052,0.0
2,3,2,5,2,[261],[1],2.0064,0.2413,0.235
1,3,2,2,2,"[34, 175, 448]",[3],1.3376,0.4711,0.0592
3,5,4,2,3,[],[0],0.0,1.9052,0.0
1,2,5,4,2,"[36, 55, 108, 320, 333]",[5],1.6051,0.3605,0.115
1,5,1,1,3,[],[0],0.0,1.9052,0.0
3,3,5,3,2,[],[0],0.0,1.7948,0.0
4,4,4,5,2,"[39, 259]",[2],1.0032,0.6582,0.0193
1,5,4,2,2,"[40, 115, 154]",[3],1.3376,0.4711,0.0592
5,5,3,3,3,[],[0],0.0,1.9052,0.0
2,4,3,4,2,"[42, 136, 257, 376]",[4],1.5048,0.3986,0.0915
5,5,5,3,3,[],[0],0.0,1.9052,0.0
5,4,1,1,3,[],[0],0.0,1.9052,0.0
5,2,1,3,3,[],[0],0.0,1.9052,0.0
4,2,2,3,3,[158],[1],2.0064,0.2562,0.215
4,2,4,3,2,"[47, 126, 135, 253]",[4],1.5048,0.3986,0.0915
1,1,2,4,2,[],[0],0.0,1.7948,0.0
5,4,4,4,3,"[49, 140, 366, 370]",[4],1.5048,0.4231,0.079
4,5,2,1,3,[],[0],0.0,1.9052,0.0
3,3,5,5,2,[],[0],0.0,1.7948,0.0
3,1,2,3,2,"[52, 158, 258, 270]",[4],1.5048,0.3986,0.0915
3,3,3,4,2,"[53, 212, 257]",[3],1.3376,0.4711,0.0592
3,3,1,5,3,[533],[1],2.0064,0.2562,0.215
1,3,5,4,2,[],[0],0.0,1.7948,0.0
4,5,3,1,3,"[56, 50, 57, 111, 225]",[5],1.6051,0.3827,0.1007
4,5,4,1,3,"[57, 10, 56, 122, 167]",[5],1.6051,0.3827,0.1007
3,4,3,5,2,"[58, 212, 259]",[3],1.3376,0.4711,0.0592
5,2,3,4,2,"[59, 76, 166]",[3],1.3376,0.4711,0.0592
3,2,1,1,3,[],[0],0.0,1.9052,0.0
3,3,3,3,1,"[374, 413]",[2],2.0064,0.7131,0.4901
2,2,3,4,2,[],[0],0.0,1.7948,0.0
2,1,3,2,2,"[63, 31, 70, 131, 159]",[5],1.6051,0.3605,0.115
5,1,4,4,2,[],[0],0.0,1.7948,0.0
3,2,3,1,3,[],[0],0.0,1.9052,0.0
2,4,1,3,3,"[66, 145, 163, 297, 402]",[5],1.6051,0.3827,0.1007
4,1,1,1,3,[],[0],0.0,1.9052,0.0
2,4,5,2,2,"[68, 218, 250]",[3],1.3376,0.4711,0.0592
5,3,4,1,3,"[69, 75, 238, 324, 381]",[5],1.6051,0.3827,0.1007
2,1,4,2,2,"[70, 63, 279, 283, 349]",[5],1.6051,0.3605,0.115
5,5,2,2,3,"[71, 134, 187, 240, 319]",[5],1.6051,0.3827,0.1007
2,2,2,1,3,[],[0],0.0,1.9052,0.0
1,1,5,2,2,"[73, 21, 291, 353, 430]",[5],1.6051,0.3605,0.115
2,3,3,5,2,[],[0],0.0,1.7948,0.0
5,4,4,1,3,"[75, 69, 90, 329, 459]",[5],1.6051,0.3827,0.1007
5,2,4,4,2,"[76, 59, 64, 253, 254]",[5],1.6051,0.3605,0.115
1,2,1,3,2,[346],[1],2.0064,0.2413,0.235
4,4,2,2,3,[],[0],0.0,1.9052,0.0
5,2,3,1,3,[],[0],0.0,1.9052,0.0
5,4,1,2,3,"[80, 44, 103, 134, 181]",[5],1.6051,0.3827,0.1007
3,5,2,5,3,"[81, 100, 182]",[3],1.3376,0.5001,0.0498
3,1,5,2,2,[],[0],0.0,1.7948,0.0
4,4,5,1,3,"[83, 10, 90, 160, 190]",[5],1.6051,0.3827,0.1007
2,2,4,5,2,[],[0],0.0,1.7948,0.0
2,1,3,5,2,[],[0],0.0,1.7948,0.0
4,3,5,2,3,"[86, 120, 160, 178]",[4],1.5048,0.4231,0.079
1,5,5,4,2,"[87, 123, 249, 385, 543]",[5],1.6051,0.3605,0.115
2,3,4,1,3,"[88, 143, 265, 317]",[4],1.5048,0.4231,0.079
1,3,2,5,2,"[89, 33, 290, 334, 360]",[5],1.6051,0.3605,0.115
5,4,5,1,3,"[90, 75, 83, 395, 504]",[5],1.6051,0.3827,0.1007
2,5,5,1,3,[],[0],0.0,1.9052,0.0
1,1,4,5,2,[],[0],0.0,1.7948,0.0
4,4,2,1,3,"[93, 2, 50, 78, 111]",[5],1.6051,0.3827,0.1007
3,2,2,2,3,"[94, 214, 393]",[3],1.3376,0.5001,0.0498
5,1,5,3,2,[],[0],0.0,1.7948,0.0
3,3,5,4,2,"[96, 38, 51, 215, 272]",[5],1.6051,0.3605,0.115
2,4,2,4,1,"[42, 394]",[2],2.0064,0.7131,0.4901
4,2,2,5,2,"[98, 26, 267]",[3],1.3376,0.4711,0.0592
5,5,2,4,3,"[99, 32, 193, 319, 322]",[5],1.6051,0.3827,0.1007
4,5,2,5,3,"[100, 81, 193, 237, 242]",[5],1.6051,0.3827,0.1007
1,5,1,2,3,[],[0],0.0,1.9052,0.0
2,3,5,3,2,"[102, 38, 130, 133, 218]",[5],1.6051,0.3605,0.115
4,4,1,2,3,[],[0],0.0,1.9052,0.0
2,1,1,3,2,[],[0],0.0,1.7948,0.0
4,1,5,5,2,"[105, 19, 121, 149, 315]",[5],1.6051,0.3605,0.115
4,2,5,1,3,"[244, 273]",[2],2.0064,0.2562,0.215
1,1,2,2,2,[],[0],0.0,1.7948,0.0
1,2,5,3,2,[],[0],0.0,1.7948,0.0
3,5,2,2,3,[],[0],0.0,1.9052,0.0
4,4,5,3,3,"[146, 226]",[2],2.0064,0.2562,0.215
4,4,3,1,3,"[111, 56, 93, 397, 459]",[5],1.6051,0.3827,0.1007
1,1,4,4,2,"[112, 92, 235, 320, 409]",[5],1.6051,0.3605,0.115
1,3,1,1,3,[],[0],0.0,1.9052,0.0
4,1,3,5,2,"[114, 26, 139, 308, 315]",[5],1.6051,0.3605,0.115
1,5,4,3,2,[],[0],0.0,1.7948,0.0
1,1,1,5,2,[],[0],0.0,1.7948,0.0
4,1,5,3,2,"[117, 95, 135, 138, 149]",[5],1.6051,0.3605,0.115
5,2,4,2,3,"[229, 253]",[2],2.0064,0.2562,0.215
3,3,1,3,3,[],[0],0.0,1.9052,0.0
5,3,5,2,3,"[120, 86, 381, 395]",[4],1.5048,0.4231,0.079
5,1,5,5,2,"[121, 105, 271, 277, 595]",[5],1.6051,0.3605,0.115
3,5,4,1,3,"[122, 9, 35, 57, 529]",[5],1.6051,0.3827,0.1007
2,5,5,4,2,"[123, 87, 151, 275, 455]",[5],1.6051,0.3605,0.115
1,2,1,4,2,[],[0],0.0,1.7948,0.0
5,3,3,3,3,[],[0],0.0,1.9052,0.0
3,2,4,3,2,[],[0],0.0,1.7948,0.0
1,3,1,3,1,[145],[1],2.0064,0.7131,0.4901
3,1,1,3,1,[363],[1],2.0064,0.7131,0.4901
1,2,3,5,2,[],[0],0.0,1.7948,0.0
2,2,5,3,2,"[130, 102, 108, 148, 246]",[5],1.6051,0.3605,0.115
3,1,3,2,2,[],[0],0.0,1.7948,0.0
3,4,3,2,3,"[132, 147, 173, 219, 245]",[5],1.6051,0.3827,0.1007
2,3,4,3,2,"[133, 102, 148, 303, 352]",[5],1.6051,0.3605,0.115
5,4,2,2,3,"[134, 2, 71, 78, 80]",[5],1.6051,0.3827,0.1007
4,2,5,3,2,[],[0],0.0,1.7948,0.0
2,4,3,3,2,"[147, 327]",[2],2.0064,0.2413,0.235
5,4,2,5,3,[],[0],0.0,1.9052,0.0
4,1,5,2,2,"[138, 82, 117, 189, 199]",[5],1.6051,0.3605,0.115
4,1,3,4,2,"[139, 114, 142, 166, 206]",[5],1.6051,0.3605,0.115
5,4,4,3,3,"[140, 49, 195, 316, 343]",[5],1.6051,0.3827,0.1007
1,3,5,2,2,[],[0],0.0,1.7948,0.0
4,1,3,3,2,"[142, 139, 158, 388, 424]",[5],1.6051,0.3605,0.115
2,3,3,1,3,[],[0],0.0,1.9052,0.0
4,3,1,1,3,"[144, 228, 433, 514, 549]",[5],1.6051,0.3827,0.1007
2,3,1,3,3,"[145, 66, 119]",[3],1.3376,0.5001,0.0498
3,4,5,3,2,"[146, 38, 218]",[3],1.3376,0.4711,0.0592
2,4,3,2,3,[136],[1],2.0064,0.2562,0.215
2,2,4,3,2,[],[0],0.0,1.7948,0.0
4,1,5,4,2,[],[0],0.0,1.7948,0.0
4,2,2,4,1,"[98, 166]",[2],2.0064,0.7131,0.4901
2,5,5,5,2,[],[0],0.0,1.7948,0.0
4,2,1,5,3,"[22, 98]",[2],2.0064,0.2562,0.215
5,4,5,4,1,"[185, 226, 306]",[3],2.0064,0.7131,0.4901
1,5,3,2,2,"[359, 421, 435]",[3],2.0064,0.2413,0.235
4,5,1,2,3,[],[0],0.0,1.9052,0.0
1,4,1,4,1,"[312, 484]",[2],2.0064,0.7131,0.4901
5,1,3,2,2,"[157, 229, 388]",[3],1.3376,0.4711,0.0592
4,1,2,3,2,[46],[1],2.0064,0.2413,0.235
2,1,2,2,2,"[159, 63, 107, 258]",[4],1.5048,0.3986,0.0915
4,4,5,2,3,[],[0],0.0,1.9052,0.0
4,5,5,4,1,"[226, 281, 455]",[3],2.0064,0.7131,0.4901
3,1,4,4,2,"[162, 30, 206, 235, 296]",[5],1.6051,0.3605,0.115
2,5,1,3,3,[],[0],0.0,1.9052,0.0
4,2,2,1,3,[],[0],0.0,1.9052,0.0
4,3,1,3,3,"[165, 119, 177, 266, 415]",[5],1.6051,0.3827,0.1007
4,2,3,4,2,[],[0],0.0,1.7948,0.0
4,5,4,2,3,"[167, 35, 57, 179, 198]",[5],1.6051,0.3827,0.1007
1,1,2,5,2,"[168, 48, 116, 216, 300]",[5],1.6051,0.3605,0.115
5,1,2,2,3,"[157, 221]",[2],2.0064,0.2562,0.215
1,2,3,4,2,[],[0],0.0,1.7948,0.0
2,2,1,4,1,[346],[1],2.0064,0.7131,0.4901
3,2,1,5,3,"[172, 54, 152, 408]",[4],1.5048,0.4231,0.079
3,4,4,2,3,"[173, 35, 132, 179]",[4],1.5048,0.4231,0.079
4,5,1,1,3,"[174, 50, 155, 228, 475]",[5],1.6051,0.3827,0.1007
1,3,3,2,2,"[175, 34, 380, 401]",[4],1.5048,0.3986,0.0915
1,5,5,1,1,"[27, 499]",[2],2.0064,0.7131,0.4901
4,3,1,4,3,"[177, 165, 186, 243, 274]",[5],1.6051,0.3827,0.1007
4,3,4,2,3,[],[0],0.0,1.9052,0.0
4,4,4,2,3,"[179, 160, 167, 173, 178]",[5],1.6051,0.3827,0.1007
3,2,4,2,2,[239],[1],2.0064,0.2413,0.235
5,4,1,3,3,[],[0],0.0,1.9052,0.0
3,4,2,5,3,"[182, 81]",[2],1.0032,0.6986,0.0151
2,2,3,5,2,[],[0],0.0,1.7948,0.0
3,2,5,2,2,"[184, 82, 180, 246, 273]",[5],1.6051,0.3605,0.115
5,4,5,5,2,[],[0],0.0,1.7948,0.0
4,2,1,4,3,"[186, 152, 177, 266]",[4],1.5048,0.4231,0.079
5,5,3,2,3,"[187, 41, 71, 198, 225]",[5],1.6051,0.3827,0.1007
1,2,4,1,2,[],[0],0.0,1.7948,0.0
5,1,5,2,2,"[189, 95, 138, 229]",[4],1.5048,0.3986,0.0915
3,4,5,1,3,[],[0],0.0,1.9052,0.0
2,4,4,2,1,[68],[1],2.0064,0.7131,0.4901
5,3,2,4,3,"[192, 8, 15, 243, 332]",[5],1.6051,0.3827,0.1007
4,5,2,4,3,[],[0],0.0,1.9052,0.0
2,2,3,1,3,"[194, 65, 72, 143]",[4],1.5048,0.4231,0.079
5,3,4,3,3,[253],[1],2.0064,0.2562,0.215
5,5,3,5,3,[],[0],0.0,1.9052,0.0
2,2,3,2,2,"[197, 63, 283]",[3],1.3376,0.4711,0.0592
5,5,4,2,3,[],[0],0.0,1.9052,0.0
4,1,4,2,2,[278],[1],2.0064,0.2413,0.235
3,5,3,4,3,"[200, 211]",[2],1.0032,0.6986,0.0151
4,5,1,3,3,"[201, 20, 155, 255, 382]",[5],1.6051,0.3827,0.1007
2,1,3,1,2,"[202, 63, 279]",[3],1.3376,0.4711,0.0592
5,4,2,3,3,[],[0],0.0,1.9052,0.0
1,5,1,4,3,"[204, 311]",[2],1.0032,0.6986,0.0151
2,2,2,3,2,[],[0],0.0,1.7948,0.0
3,1,3,4,2,[],[0],0.0,1.7948,0.0
4,3,4,3,1,[47],[1],2.0064,0.7131,0.4901
4,4,2,3,3,"[208, 20, 78, 203, 264]",[5],1.6051,0.3827,0.1007
1,5,1,5,1,"[204, 520]",[2],2.0064,0.7131,0.4901
4,2,4,1,3,[],[0],0.0,1.9052,0.0
3,5,3,3,3,"[211, 200, 219, 327, 473]",[5],1.6051,0.3827,0.1007
3,3,3,5,2,[],[0],0.0,1.7948,0.0
3,4,2,1,3,[],[0],0.0,1.9052,0.0
3,2,2,1,3,[],[0],0.0,1.9052,0.0
4,3,5,4,2,"[215, 96, 226, 306, 341]",[5],1.6051,0.3605,0.115
2,1,2,5,2,[],[0],0.0,1.7948,0.0
2,4,1,1,3,"[217, 342, 379, 412, 431]",[5],1.6051,0.3827,0.1007
2,4,5,3,2,"[218, 68, 102, 146, 275]",[5],1.6051,0.3605,0.115
3,5,3,2,3,[],[0],0.0,1.9052,0.0
3,1,5,3,2,"[220, 82, 117, 246, 288]",[5],1.6051,0.3605,0.115
5,1,2,3,2,"[5, 169, 230]",[3],2.0064,0.2413,0.235
4,5,4,4,3,[425],[1],2.0064,0.2562,0.215
5,3,5,5,2,"[223, 185, 277, 306, 371]",[5],1.6051,0.3605,0.115
4,1,2,1,3,[],[0],0.0,1.9052,0.0
5,5,3,1,3,"[225, 56, 187, 329, 338]",[5],1.6051,0.3827,0.1007
4,4,5,4,2,"[226, 215]",[2],1.0032,0.6582,0.0193
2,1,3,4,2,[],[0],0.0,1.7948,0.0
4,4,1,1,3,"[228, 44, 93, 103, 144]",[5],1.6051,0.3827,0.1007
5,1,4,2,2,[118],[1],2.0064,0.2413,0.235
5,1,1,3,3,"[230, 45, 522, 538]",[4],1.5048,0.4231,0.079
2,5,5,2,1,"[68, 275]",[2],2.0064,0.7131,0.4901
4,1,2,4,2,[],[0],0.0,1.7948,0.0
1,3,2,1,3,[34],[1],2.0064,0.2562,0.215
2,5,4,2,3,"[234, 35]",[2],1.0032,0.6986,0.0151
2,1,4,4,2,"[235, 112, 162, 227, 336]",[5],1.6051,0.3605,0.115
1,3,4,4,2,[],[0],0.0,1.7948,0.0
4,5,1,5,3,[],[0],0.0,1.9052,0.0
5,2,4,1,3,"[238, 69, 79, 118, 210]",[5],1.6051,0.3827,0.1007
3,2,4,1,3,"[239, 65, 210]",[3],1.3376,0.5001,0.0498
4,5,2,2,3,[],[0],0.0,1.9052,0.0
1,5,2,4,2,"[241, 373, 484, 530]",[4],1.5048,0.3986,0.0915
4,5,3,5,3,[],[0],0.0,1.9052,0.0
4,3,2,4,3,[],[0],0.0,1.9052,0.0
4,1,5,1,2,"[244, 138]",[2],1.0032,0.6582,0.0193
3,4,2,2,3,"[245, 78, 109, 132, 213]",[5],1.6051,0.3827,0.1007
3,2,5,3,2,"[246, 38, 126, 130, 135]",[5],1.6051,0.3605,0.115
5,3,2,1,3,"[247, 2, 429, 441, 600]",[5],1.6051,0.3827,0.1007
5,1,1,5,1,"[403, 522]",[2],2.0064,0.7131,0.4901
1,5,5,3,2,"[249, 87, 115, 275, 400]",[5],1.6051,0.3605,0.115
2,3,5,2,2,[],[0],0.0,1.7948,0.0
5,1,3,1,3,[157],[1],2.0064,0.2562,0.215
5,3,1,5,3,[],[0],0.0,1.9052,0.0
5,2,4,3,2,"[118, 195]",[2],2.0064,0.2413,0.235
4,2,4,4,2,[],[0],0.0,1.7948,0.0
3,5,1,3,3,"[255, 163, 201, 391, 410]",[5],1.6051,0.3827,0.1007
2,2,4,1,1,[188],[1],2.0064,0.7131,0.4901
2,3,3,4,2,"[257, 42, 53, 62, 74]",[5],1.6051,0.3605,0.115
3,1,2,2,2,[94],[1],2.0064,0.2413,0.235
3,4,4,5,2,"[259, 25, 39, 58, 294]",[5],1.6051,0.3605,0.115
5,1,4,3,2,"[260, 64, 95, 229, 253]",[5],1.6051,0.3605,0.115
2,3,1,5,3,[],[0],0.0,1.9052,0.0
3,5,2,1,3,"[262, 50, 109, 213, 475]",[5],1.6051,0.3827,0.1007
2,2,1,1,3,[],[0],0.0,1.9052,0.0
4,4,2,4,3,"[264, 193, 208, 243, 464]",[5],1.6051,0.3827,0.1007
2,4,4,1,3,[],[0],0.0,1.9052,0.0
4,2,1,3,3,"[266, 45, 46, 165, 186]",[5],1.6051,0.3827,0.1007
3,2,2,5,2,[172],[1],2.0064,0.2413,0.235
3,1,2,1,3,"[268, 214, 224, 545]",[4],1.5048,0.4231,0.079
2,1,1,2,1,[269],[1],0.0,5.3033,0.005
2,1,2,3,2,"[270, 31, 52, 104, 159]",[5],1.6051,0.3605,0.115
5,1,5,4,2,[],[0],0.0,1.7948,0.0
3,3,4,4,2,[],[0],0.0,1.7948,0.0
4,2,5,2,2,"[273, 135, 138]",[3],1.3376,0.4711,0.0592
4,3,1,5,3,[],[0],0.0,1.9052,0.0
2,5,5,3,2,"[275, 123, 218, 249]",[4],1.5048,0.3986,0.0915
3,3,1,2,3,"[276, 119, 369, 393, 433]",[5],1.6051,0.3827,0.1007
5,2,5,5,2,"[277, 121, 223, 340, 357]",[5],1.6051,0.3605,0.115
4,1,4,1,1,[210],[1],2.0064,0.7131,0.4901
2,1,4,1,2,[],[0],0.0,1.7948,0.0
4,5,5,2,3,"[280, 10, 160, 167, 466]",[5],1.6051,0.3827,0.1007
4,5,5,5,2,"[281, 544]",[2],1.0032,0.6582,0.0193
3,3,5,2,2,[86],[1],2.0064,0.2413,0.235
2,2,4,2,2,"[283, 70, 148, 180, 197]",[5],1.6051,0.3605,0.115
1,2,5,1,2,"[284, 21, 188, 291, 547]",[5],1.6051,0.3605,0.115
1,5,4,1,3,"[176, 295]",[2],2.0064,0.2562,0.215
5,4,3,2,3,[],[0],0.0,1.9052,0.0
5,2,3,3,3,"[287, 5, 125]",[3],1.3376,0.5001,0.0498
2,1,5,3,2,[],[0],0.0,1.7948,0.0
4,5,4,3,3,[],[0],0.0,1.9052,0.0
1,3,3,5,2,"[290, 74, 89, 129, 293]",[5],1.6051,0.3605,0.115
1,2,5,2,2,"[291, 73, 108, 141, 284]",[5],1.6051,0.3605,0.115
2,3,3,2,1,"[175, 197]",[2],2.0064,0.7131,0.4901
1,3,4,5,2,[],[0],0.0,1.7948,0.0
3,3,4,5,2,"[294, 51, 212, 259, 272]",[5],1.6051,0.3605,0.115
1,4,4,1,1,"[27, 347]",[2],2.0064,0.7131,0.4901
3,1,4,3,2,"[296, 126, 162, 220, 349]",[5],1.6051,0.3605,0.115
2,4,1,4,3,"[297, 66, 358]",[3],1.3376,0.5001,0.0498
3,5,3,5,1,"[81, 200]",[2],2.0064,0.7131,0.4901
2,2,5,5,2,[],[0],0.0,1.7948,0.0
1,1,3,5,2,[],[0],0.0,1.7948,0.0
1,2,3,3,2,[],[0],0.0,1.7948,0.0
1,2,2,1,1,"[72, 233]",[2],2.0064,0.7131,0.4901
2,3,3,3,2,"[303, 133, 136, 257]",[4],1.5048,0.3986,0.0915
2,2,2,2,1,"[159, 197]",[2],2.0064,0.7131,0.4901
3,1,2,5,2,[],[0],0.0,1.7948,0.0
5,3,5,4,2,"[306, 215, 223, 404]",[4],1.5048,0.3986,0.0915
5,4,1,4,3,[],[0],0.0,1.9052,0.0
3,1,3,5,2,"[308, 85, 114, 206, 305]",[5],1.6051,0.3605,0.115
2,5,4,5,2,[],[0],0.0,1.7948,0.0
2,3,2,1,3,[],[0],0.0,1.9052,0.0
1,5,1,3,3,[569],[1],2.0064,0.2562,0.215
1,3,1,4,2,"[312, 124, 360]",[3],1.3376,0.4711,0.0592
3,1,4,1,2,[239],[1],2.0064,0.2413,0.235
5,4,3,5,3,[],[0],0.0,1.9052,0.0
4,1,4,5,2,[],[0],0.0,1.7948,0.0
5,4,5,3,3,[153],[1],2.0064,0.2562,0.215
2,3,5,1,3,[],[0],0.0,1.9052,0.0
5,1,3,5,2,"[318, 114, 365, 396, 411]",[5],1.6051,0.3605,0.115
5,5,2,3,3,[],[0],0.0,1.9052,0.0
1,2,4,4,2,[],[0],0.0,1.7948,0.0
2,3,2,3,1,[145],[1],2.0064,0.7131,0.4901
5,5,1,4,3,"[322, 99, 307, 382, 510]",[5],1.6051,0.3827,0.1007
2,5,1,2,3,[],[0],0.0,1.9052,0.0
4,3,4,1,3,"[324, 69, 178, 210, 325]",[5],1.6051,0.3827,0.1007
4,3,5,1,3,[],[0],0.0,1.9052,0.0
5,5,1,2,3,"[326, 71, 80, 155, 485]",[5],1.6051,0.3827,0.1007
2,5,3,3,3,"[327, 211, 359]",[3],1.3376,0.5001,0.0498
1,1,2,1,2,"[302, 551]",[2],2.0064,0.2413,0.235
5,5,4,1,3,"[329, 57, 75, 198, 225]",[5],1.6051,0.3827,0.1007
1,5,2,1,3,"[330, 37, 387, 421, 435]",[5],1.6051,0.3827,0.1007
4,4,1,5,3,"[331, 237, 274, 351, 534]",[5],1.6051,0.3827,0.1007
5,3,2,3,3,"[332, 5, 125, 192, 203]",[5],1.6051,0.3827,0.1007
1,2,5,5,2,"[333, 14, 36, 299, 513]",[5],1.6051,0.3605,0.115
1,2,2,5,2,"[334, 89, 129, 168, 337]",[5],1.6051,0.3605,0.115
2,4,4,5,2,"[335, 0, 17, 259, 309]",[5],1.6051,0.3605,0.115
2,1,5,4,2,[],[0],0.0,1.7948,0.0
1,2,1,5,2,[],[0],0.0,1.7948,0.0
5,5,2,1,3,"[338, 2, 50, 71, 225]",[5],1.6051,0.3827,0.1007
3,1,1,4,2,"[339, 16]",[2],1.0032,0.6582,0.0193
5,2,4,5,2,[],[0],0.0,1.7948,0.0
4,2,5,4,2,[],[0],0.0,1.7948,0.0
3,4,1,1,3,[],[0],0.0,1.9052,0.0
4,4,4,3,3,"[343, 110, 140, 179]",[4],1.5048,0.4231,0.079
4,3,3,5,2,[4],[1],2.0064,0.2413,0.235
5,3,1,4,3,"[345, 177, 192, 252, 307]",[5],1.6051,0.3827,0.1007
2,2,1,3,3,"[77, 104]",[2],2.0064,0.2562,0.215
1,3,4,1,2,"[347, 188]",[2],1.0032,0.6582,0.0193
5,2,1,1,3,"[348, 429, 436, 514, 577]",[5],1.6051,0.3827,0.1007
2,1,4,3,2,[],[0],0.0,1.7948,0.0
4,3,2,2,3,[],[0],0.0,1.9052,0.0
5,4,1,5,3,"[351, 137, 252, 307, 331]",[5],1.6051,0.3827,0.1007
1,3,4,3,2,"[352, 133, 236, 355, 401]",[5],1.6051,0.3605,0.115
1,1,4,2,2,[],[0],0.0,1.7948,0.0
2,2,5,2,2,"[354, 130, 184, 250, 283]",[5],1.6051,0.3605,0.115
1,2,4,3,2,[],[0],0.0,1.7948,0.0
5,2,5,3,2,[],[0],0.0,1.7948,0.0
4,2,5,5,2,[],[0],0.0,1.7948,0.0
2,4,1,5,3,[414],[1],2.0064,0.2562,0.215
2,5,3,2,3,[154],[1],2.0064,0.2562,0.215
1,3,1,5,2,[261],[1],2.0064,0.2413,0.235
4,1,1,2,3,[],[0],0.0,1.9052,0.0
3,4,2,3,3,"[362, 208, 245, 402, 501]",[5],1.6051,0.3827,0.1007
3,2,1,3,3,[128],[1],2.0064,0.2562,0.215
5,1,4,1,3,[229],[1],2.0064,0.2562,0.215
5,1,2,5,2,"[365, 318, 383, 418]",[4],1.5048,0.3986,0.0915
5,4,3,4,3,"[366, 8, 32, 49, 314]",[5],1.6051,0.3827,0.1007
3,2,5,5,2,[],[0],0.0,1.7948,0.0
2,4,5,1,3,"[27, 68]",[2],2.0064,0.2562,0.215
2,3,1,2,3,[],[0],0.0,1.9052,0.0
5,5,4,4,3,[],[0],0.0,1.9052,0.0
4,3,5,5,2,[],[0],0.0,1.7948,0.0
5,2,2,2,3,[],[0],0.0,1.9052,0.0
1,5,3,4,2,[],[0],0.0,1.7948,0.0
4,3,3,3,3,"[374, 125]",[2],1.0032,0.6986,0.0151
1,1,1,3,2,[],[0],0.0,1.7948,0.0
2,5,3,4,2,"[376, 13, 42]",[3],1.3376,0.4711,0.0592
1,1,3,2,2,[],[0],0.0,1.7948,0.0
1,4,3,1,3,"[378, 387, 435]",[3],1.3376,0.5001,0.0498
2,5,1,1,3,"[379, 37, 217, 323, 475]",[5],1.6051,0.3827,0.1007
1,2,3,2,2,[],[0],0.0,1.7948,0.0
5,3,4,2,3,[],[0],0.0,1.9052,0.0
4,5,1,4,3,[],[0],0.0,1.9052,0.0
5,1,2,4,2,"[383, 221, 232, 365]",[4],1.5048,0.3986,0.0915
4,2,3,1,3,"[384, 65, 79, 164, 210]",[5],1.6051,0.3827,0.1007
1,4,5,4,2,"[385, 1, 55, 87, 400]",[5],1.6051,0.3605,0.115
4,1,1,4,1,"[22, 232, 339]",[3],2.0064,0.7131,0.4901
1,4,2,1,3,"[387, 233, 330, 378, 431]",[5],1.6051,0.3827,0.1007
4,1,3,2,2,"[388, 131, 142, 157, 199]",[5],1.6051,0.3605,0.115
3,1,4,2,2,[],[0],0.0,1.7948,0.0
1,1,4,1,2,[],[0],0.0,1.7948,0.0
3,5,1,4,3,[],[0],0.0,1.9052,0.0
4,3,2,5,3,"[392, 243, 274]",[3],1.3376,0.5001,0.0498
3,3,2,2,3,[],[0],0.0,1.9052,0.0
2,3,2,4,2,"[394, 24, 33, 257]",[4],1.5048,0.3986,0.0915
5,3,5,1,3,"[395, 69, 90, 120, 325]",[5],1.6051,0.3827,0.1007
5,2,3,5,2,"[396, 26, 59, 318, 340]",[5],1.6051,0.3605,0.115
4,4,3,2,3,"[397, 78, 111, 132, 179]",[5],1.6051,0.3827,0.1007
5,3,2,5,3,[],[0],0.0,1.9052,0.0
3,1,4,5,2,[],[0],0.0,1.7948,0.0
1,4,5,3,2,[],[0],0.0,1.7948,0.0
1,3,3,3,2,[],[0],0.0,1.7948,0.0
2,4,2,3,3,"[402, 66]",[2],1.0032,0.6986,0.0151
5,2,1,5,3,"[403, 152, 252, 406]",[4],1.5048,0.4231,0.079
5,3,4,4,2,"[8, 49, 195]",[3],2.0064,0.2413,0.235
1,3,3,1,1,"[6, 175]",[2],2.0064,0.7131,0.4901
5,2,1,4,3,"[406, 15, 45, 186, 345]",[5],1.6051,0.3827,0.1007
5,5,5,5,1,"[450, 493]",[2],2.0064,0.7131,0.4901
3,2,1,4,3,[339],[1],2.0064,0.2562,0.215
1,1,5,4,2,[],[0],0.0,1.7948,0.0
3,5,1,2,3,"[410, 109, 155, 255, 323]",[5],1.6051,0.3827,0.1007
5,1,3,4,2,[],[0],0.0,1.7948,0.0
2,3,1,1,3,[],[0],0.0,1.9052,0.0
3,3,3,2,3,[],[0],0.0,1.9052,0.0
2,4,2,5,2,"[182, 358]",[2],2.0064,0.2413,0.235
4,3,2,3,3,[],[0],0.0,1.9052,0.0
4,4,3,3,3,[],[0],0.0,1.9052,0.0
5,2,5,2,1,"[189, 273]",[2],2.0064,0.7131,0.4901
4,1,2,5,2,"[418, 22, 98, 114, 232]",[5],1.6051,0.3605,0.115
3,4,5,2,3,"[419, 160, 173]",[3],1.3376,0.5001,0.0498
2,1,4,5,2,[],[0],0.0,1.7948,0.0
1,5,2,2,3,"[421, 101, 330]",[3],1.3376,0.5001,0.0498
4,2,4,2,1,"[118, 178]",[2],2.0064,0.7131,0.4901
1,4,4,3,2,"[423, 1, 115, 352, 400]",[5],1.6051,0.3605,0.115
5,1,3,3,2,[],[0],0.0,1.7948,0.0
3,5,4,4,2,"[200, 222]",[2],2.0064,0.2413,0.235
2,5,2,5,1,[426],[1],0.0,5.3033,0.005
5,1,5,1,1,"[189, 244]",[2],2.0064,0.7131,0.4901
2,1,2,4,2,"[428, 16, 24, 48, 216]",[5],1.6051,0.3605,0.115
5,2,2,1,3,[],[0],0.0,1.9052,0.0
1,1,5,3,2,[],[0],0.0,1.7948,0.0
1,4,1,1,3,[],[0],0.0,1.9052,0.0
1,5,3,5,2,[],[0],0.0,1.7948,0.0
3,3,1,1,3,[],[0],0.0,1.9052,0.0
4,5,3,2,3,"[434, 56, 167, 187, 219]",[5],1.6051,0.3827,0.1007
1,5,3,1,3,"[435, 285, 330, 378]",[4],1.5048,0.4231,0.079
5,1,1,1,3,"[436, 12, 67, 348, 571]",[5],1.6051,0.3827,0.1007
5,3,1,2,3,[],[0],0.0,1.9052,0.0
2,5,3,1,3,[],[0],0.0,1.9052,0.0
2,5,2,3,3,[],[0],0.0,1.9052,0.0
5,2,2,5,1,"[98, 365, 396]",[3],2.0064,0.7131,0.4901
5,3,2,2,3,[],[0],0.0,1.9052,0.0
2,3,1,4,3,[],[0],0.0,1.9052,0.0
1,4,2,3,2,"[443, 448, 484]",[3],1.3376,0.4711,0.0592
5,4,3,3,3,"[444, 41, 125, 140, 203]",[5],1.6051,0.3827,0.1007
2,2,2,5,2,"[445, 24, 33, 183, 216]",[5],1.6051,0.3605,0.115
3,2,5,1,3,"[446, 106, 239]",[3],1.3376,0.5001,0.0498
1,2,2,4,2,[],[0],0.0,1.7948,0.0
1,3,2,3,2,[],[0],0.0,1.7948,0.0
1,4,5,2,2,[],[0],0.0,1.7948,0.0
5,5,4,5,3,[],[0],0.0,1.9052,0.0
1,4,2,2,1,"[387, 421]",[2],2.0064,0.7131,0.4901
1,1,1,4,2,[],[0],0.0,1.7948,0.0
4,2,3,2,3,[388],[1],2.0064,0.2562,0.215
4,3,4,4,2,[],[0],0.0,1.7948,0.0
3,5,5,4,2,"[455, 123, 425]",[3],1.3376,0.4711,0.0592
2,1,5,1,2,[],[0],0.0,1.7948,0.0
2,2,3,3,2,[],[0],0.0,1.7948,0.0
1,3,1,2,3,"[458, 113, 369]",[3],1.3376,0.5001,0.0498
5,4,3,1,3,"[459, 2, 75, 111, 225]",[5],1.6051,0.3827,0.1007
3,5,1,5,3,[],[0],0.0,1.9052,0.0
1,5,4,5,2,"[461, 17, 309, 432, 543]",[5],1.6051,0.3605,0.115
3,2,2,4,2,"[462, 24, 267]",[3],1.3376,0.4711,0.0592
2,4,2,2,3,[],[0],0.0,1.9052,0.0
5,4,2,4,3,"[464, 99, 137, 192, 203]",[5],1.6051,0.3827,0.1007
3,2,2,3,1,"[52, 205]",[2],2.0064,0.7131,0.4901
3,5,5,2,3,[],[0],0.0,1.9052,0.0
3,2,3,5,2,[],[0],0.0,1.7948,0.0
2,4,1,2,3,[],[0],0.0,1.9052,0.0
4,2,1,2,3,"[469, 266, 361, 514, 526]",[5],1.6051,0.3827,0.1007
2,1,5,2,2,"[470, 70, 73, 82, 288]",[5],1.6051,0.3605,0.115
4,3,3,2,3,[],[0],0.0,1.9052,0.0
4,3,3,1,3,"[472, 29, 111, 324, 384]",[5],1.6051,0.3827,0.1007
4,5,3,3,3,[],[0],0.0,1.9052,0.0
2,3,5,4,2,[],[0],0.0,1.7948,0.0
3,5,1,1,3,[],[0],0.0,1.9052,0.0
4,1,4,4,2,"[476, 64, 139, 149, 162]",[5],1.6051,0.3605,0.115
1,2,4,2,2,"[477, 188, 283, 291, 353]",[5],1.6051,0.3605,0.115
1,4,4,2,2,[],[0],0.0,1.7948,0.0
3,5,5,3,1,[466],[1],2.0064,0.7131,0.4901
4,5,3,4,3,[],[0],0.0,1.9052,0.0
2,5,1,4,3,"[481, 163, 204, 297, 391]",[5],1.6051,0.3827,0.1007
3,2,3,3,2,"[482, 126, 457]",[3],1.3376,0.4711,0.0592
5,4,4,5,1,"[49, 314]",[2],2.0064,0.7131,0.4901
1,4,2,4,2,[],[0],0.0,1.7948,0.0
5,5,1,1,3,[],[0],0.0,1.9052,0.0
5,5,5,2,3,"[486, 43, 198, 280, 504]",[5],1.6051,0.3827,0.1007
3,3,4,1,3,[],[0],0.0,1.9052,0.0
1,1,3,3,2,[],[0],0.0,1.7948,0.0
3,2,3,2,1,"[65, 94]",[2],2.0064,0.7131,0.4901
4,5,4,5,1,"[39, 281]",[2],2.0064,0.7131,0.4901
3,4,5,4,2,"[491, 25, 96, 146, 226]",[5],1.6051,0.3605,0.115
2,1,5,5,2,"[492, 14, 19, 299, 336]",[5],1.6051,0.3605,0.115
5,5,5,4,3,"[493, 43, 370]",[3],1.3376,0.5001,0.0498
2,5,2,1,3,[],[0],0.0,1.9052,0.0
1,2,2,3,2,[],[0],0.0,1.7948,0.0
2,4,4,3,2,"[496, 133, 136, 218]",[4],1.5048,0.3986,0.0915
5,2,3,2,3,[157],[1],2.0064,0.2562,0.215
2,4,3,1,3,[],[0],0.0,1.9052,0.0
1,5,5,2,2,[],[0],0.0,1.7948,0.0
3,2,3,4,2,[],[0],0.0,1.7948,0.0
3,4,3,3,3,[61],[1],2.0064,0.2562,0.215
1,3,2,4,2,"[502, 89, 312, 394, 447]",[5],1.6051,0.3605,0.115
2,4,3,5,2,[],[0],0.0,1.7948,0.0
5,4,5,2,3,"[504, 90, 120, 160, 316]",[5],1.6051,0.3827,0.1007
3,1,2,4,2,[],[0],0.0,1.7948,0.0
3,3,2,1,3,"[506, 29, 213, 214, 310]",[5],1.6051,0.3827,0.1007
1,2,1,2,1,[458],[1],2.0064,0.7131,0.4901
1,4,3,3,2,"[508, 136, 401, 423, 443]",[5],1.6051,0.3605,0.115
2,2,5,4,2,"[509, 36, 130, 299, 336]",[5],1.6051,0.3605,0.115
5,5,1,5,3,"[510, 237, 322, 351, 585]",[5],1.6051,0.3827,0.1007
2,5,4,3,2,"[234, 327]",[2],2.0064,0.2413,0.235
3,3,2,4,3,"[512, 243]",[2],1.0032,0.6986,0.0151
1,3,5,5,2,[],[0],0.0,1.7948,0.0
4,2,1,1,3,"[514, 60, 67, 144, 164]",[5],1.6051,0.3827,0.1007
5,3,4,5,2,[],[0],0.0,1.7948,0.0
4,2,3,3,2,[46],[1],2.0064,0.2413,0.235
1,3,3,4,2,"[517, 170, 236, 257, 290]",[5],1.6051,0.3605,0.115
5,3,5,3,1,"[120, 195, 316]",[3],2.0064,0.7131,0.4901
4,4,1,3,3,[],[0],0.0,1.9052,0.0
2,5,1,5,3,[],[0],0.0,1.9052,0.0
3,3,2,3,3,"[521, 119, 362]",[3],1.3376,0.5001,0.0498
5,1,1,4,3,"[248, 386]",[2],2.0064,0.2562,0.215
5,5,4,3,3,[],[0],0.0,1.9052,0.0
2,3,4,2,2,[88],[1],2.0064,0.2413,0.235
4,1,4,3,2,[],[0],0.0,1.7948,0.0
3,2,1,2,3,"[526, 60, 94, 276, 363]",[5],1.6051,0.3827,0.1007
3,4,3,4,1,"[25, 42, 53, 58]",[4],2.0064,0.7131,0.4901
1,2,2,2,2,"[528, 34, 107]",[3],1.3376,0.4711,0.0592
3,4,4,1,3,[],[0],0.0,1.9052,0.0
1,5,2,5,2,[],[0],0.0,1.7948,0.0
2,5,4,1,3,"[531, 91, 122, 234, 265]",[5],1.6051,0.3827,0.1007
3,4,1,4,3,"[532, 297, 391, 534, 535]",[5],1.6051,0.3827,0.1007
3,3,2,5,2,"[533, 33, 212]",[3],1.3376,0.4711,0.0592
3,4,1,5,3,[],[0],0.0,1.9052,0.0
3,3,1,4,3,"[535, 54, 119, 177, 408]",[5],1.6051,0.3827,0.1007
2,4,5,4,2,[],[0],0.0,1.7948,0.0
5,3,1,3,3,"[537, 45, 165, 181, 332]",[5],1.6051,0.3827,0.1007
4,1,1,3,3,[158],[1],2.0064,0.2562,0.215
5,4,4,2,3,"[539, 75, 140, 179, 198]",[5],1.6051,0.3827,0.1007
3,1,1,5,2,[],[0],0.0,1.7948,0.0
1,4,3,2,2,"[541, 154, 175]",[3],1.3376,0.4711,0.0592
4,1,2,2,1,"[158, 258]",[2],2.0064,0.7131,0.4901
1,5,4,4,2,"[543, 1, 87, 115, 373]",[5],1.6051,0.3605,0.115
4,4,5,5,2,[],[0],0.0,1.7948,0.0
3,1,1,1,3,"[545, 60, 67, 268, 558]",[5],1.6051,0.3827,0.1007
1,3,4,2,2,[],[0],0.0,1.7948,0.0
2,2,5,1,2,"[547, 284, 354]",[3],1.3376,0.4711,0.0592
1,4,1,2,3,"[548, 101, 431, 458]",[4],1.5048,0.4231,0.079
4,3,1,2,3,[],[0],0.0,1.9052,0.0
2,5,4,4,2,"[550, 123, 309, 376, 425]",[5],1.6051,0.3605,0.115
2,1,2,1,1,"[159, 202]",[2],2.0064,0.7131,0.4901
3,1,3,1,1,"[65, 268]",[2],2.0064,0.7131,0.4901
3,3,5,1,3,[282],[1],2.0064,0.2562,0.215
4,5,5,3,3,[161],[1],2.0064,0.2562,0.215
2,5,2,2,3,[],[0],0.0,1.9052,0.0
2,2,1,5,2,"[172, 261]",[2],2.0064,0.2413,0.235
4,1,3,1,3,[],[0],0.0,1.9052,0.0
3,1,1,2,3,"[558, 361]",[2],1.0032,0.6986,0.0151
4,4,2,5,3,[],[0],0.0,1.9052,0.0
2,4,2,1,3,[],[0],0.0,1.9052,0.0
4,3,4,5,2,[],[0],0.0,1.7948,0.0
3,5,4,3,3,"[562, 35, 211, 289]",[4],1.5048,0.4231,0.079
1,1,2,3,2,"[563, 48, 107, 270, 375]",[5],1.6051,0.3605,0.115
1,5,3,3,2,"[564, 115, 154, 373]",[4],1.5048,0.3986,0.0915
2,1,1,1,3,"[565, 263, 545]",[3],1.3376,0.5001,0.0498
3,3,4,2,3,"[180, 282]",[2],2.0064,0.2562,0.215
4,4,1,4,3,[],[0],0.0,1.9052,0.0
5,2,5,4,2,"[568, 76, 271, 277, 306]",[5],1.6051,0.3605,0.115
1,5,2,3,2,"[569, 241]",[2],1.0032,0.6582,0.0193
1,5,5,5,2,[],[0],0.0,1.7948,0.0
5,1,1,2,3,[],[0],0.0,1.9052,0.0
4,4,3,4,3,"[572, 4, 264, 366]",[4],1.5048,0.4231,0.079
3,4,2,4,3,"[573, 182, 264, 362]",[4],1.5048,0.4231,0.079
3,4,1,2,3,"[574, 103, 245, 276, 342]",[5],1.6051,0.3827,0.1007
5,5,5,1,3,[],[0],0.0,1.9052,0.0
2,3,4,5,2,[],[0],0.0,1.7948,0.0
5,2,1,2,3,"[577, 45, 348, 372, 437]",[5],1.6051,0.3827,0.1007
1,2,4,5,2,[],[0],0.0,1.7948,0.0
1,4,1,3,3,"[579, 66, 311]",[3],1.3376,0.5001,0.0498
5,5,1,3,3,"[580, 181, 201, 319, 322]",[5],1.6051,0.3827,0.1007
1,3,5,1,2,[317],[1],2.0064,0.2413,0.235
1,1,3,4,2,[],[0],0.0,1.7948,0.0
3,5,4,5,2,[],[0],0.0,1.7948,0.0
3,1,5,1,2,"[584, 82, 244, 313]",[4],1.5048,0.3986,0.0915
5,5,2,5,3,"[585, 99, 100, 137, 196]",[5],1.6051,0.3827,0.1007
2,4,4,4,2,[],[0],0.0,1.7948,0.0
1,4,3,4,2,[],[0],0.0,1.7948,0.0
3,3,4,3,2,"[588, 38, 126, 133]",[4],1.5048,0.3986,0.0915
4,2,2,2,3,[],[0],0.0,1.9052,0.0
1,4,2,5,2,"[590, 89, 414, 484, 530]",[5],1.6051,0.3605,0.115
1,2,1,1,3,"[591, 113, 263]",[3],1.3376,0.5001,0.0498
3,2,4,5,2,"[592, 11, 30, 84, 294]",[5],1.6051,0.3605,0.115
3,4,4,3,1,"[25, 146]",[2],2.0064,0.7131,0.4901
2,3,2,2,3,[34],[1],2.0064,0.2562,0.215
5,1,4,5,2,"[595, 64, 121, 315, 318]",[5],1.6051,0.3605,0.115
3,5,5,5,2,[],[0],0.0,1.7948,0.0
2,5,2,4,3,"[241, 376]",[2],2.0064,0.2562,0.215
2,2,1,2,3,"[598, 263, 346]",[3],1.3376,0.5001,0.0498
4,3,5,3,2,"[599, 38, 135]",[3],1.3376,0.4711,0.0592
4,3,2,1,3,"[600, 93, 144, 164, 247]",[5],1.6051,0.3827,0.1007
2,3,4,4,2,[],[0],0.0,1.7948,0.0
1,1,3,1,2,"[602, 6, 202, 328, 377]",[5],1.6051,0.3605,0.115
5,3,1,1,3,"[603, 44, 144, 247, 348]",[5],1.6051,0.3827,0.1007
3,1,3,3,2,[],[0],0.0,1.7948,0.0
3,5,3,1,3,[],[0],0.0,1.9052,0.0
4,4,4,4,1,"[25, 39]",[2],2.0064,0.7131,0.4901
3,2,5,4,2,"[607, 30, 96, 246, 341]",[5],1.6051,0.3605,0.115
1,4,3,5,2,[],[0],0.0,1.7948,0.0
3,4,1,3,3,[],[0],0.0,1.9052,0.0
3,4,5,5,2,"[610, 0, 51, 259, 491]",[5],1.6051,0.3605,0.115
3,5,2,3,3,[],[0],0.0,1.9052,0.0
4,4,4,1,3,"[612, 57, 75, 83, 111]",[5],1.6051,0.3827,0.1007
5,2,5,1,3,"[613, 106, 238, 395]",[4],1.5048,0.4231,0.079
3,1,5,4,2,"[614, 19, 149, 162, 220]",[5],1.6051,0.3605,0.115
5,3,3,1,3,"[615, 23, 69, 79, 247]",[5],1.6051,0.3827,0.1007
3,4,3,1,3,"[616, 29, 111, 132, 213]",[5],1.6051,0.3827,0.1007
2,2,4,4,2,"[617, 30, 62, 84, 148]",[5],1.6051,0.3605,0.115
1,4,1,5,2,"[618, 360]",[2],1.0032,0.6582,0.0193
1,4,5,5,2,[],[0],0.0,1.7948,0.0
3,5,2,4,3,"[620, 81, 193, 200, 391]",[5],1.6051,0.3827,0.1007
1,3,5,3,2,[],[0],0.0,1.7948,0.0
1,1,4,3,2,[],[0],0.0,1.7948,0.0
5,3,3,5,1,[623],[1],0.0,5.3033,0.005
